{
    "FedAvg Inc. Switzerland": 0.6742857098579407,
    "FedAvg Exc. Switzerland": 0.8133333325386047,
    "Weighted FedAvg Inc. Switzerland": 0.7657142877578735,
    "Weighted FedAvg Exc. Switzerland": 0.7933333516120911
}