{
    "FedAvg Inc. Switzerland": 0.6571428775787354,
    "FedAvg Exc. Switzerland": 0.8066666722297668,
    "Weighted FedAvg Inc. Switzerland": 0.7542856931686401,
    "Weighted FedAvg Exc. Switzerland": 0.800000011920929
}