{"0": {"parameters": {"n_clients": 10, "n_features": 15, "n_observations": 200, "mean_dist": 0.1}, "results": {"KL_mean": 0.010081683368557451, "acc_mean": 0.6600000262260437}}, "1": {"parameters": {"n_clients": 10, "n_features": 15, "n_observations": 200, "mean_dist": 0.6}, "results": {"KL_mean": 0.3629406012680696, "acc_mean": 1.0}}, "2": {"parameters": {"n_clients": 10, "n_features": 15, "n_observations": 200, "mean_dist": 1.1}, "results": {"KL_mean": 1.2198836875954566, "acc_mean": 0.9800000190734863}}, "3": {"parameters": {"n_clients": 10, "n_features": 15, "n_observations": 200, "mean_dist": 1.6}, "results": {"KL_mean": 2.5809109423507186, "acc_mean": 0.6800000071525574}}, "4": {"parameters": {"n_clients": 10, "n_features": 15, "n_observations": 200, "mean_dist": 2.1}, "results": {"KL_mean": 4.446022365533854, "acc_mean": 0.9700000286102295}}, "5": {"parameters": {"n_clients": 10, "n_features": 15, "n_observations": 200, "mean_dist": 2.6}, "results": {"KL_mean": 6.815217957144864, "acc_mean": 0.699999988079071}}}