{
    "0": {
        "parameters": {
            "n_option": 10,
            "n_clients": 2,
            "n_features": 10,
            "n_observations": 100,
            "cov_max": 1
        },
        "results": {
            "KL": [
                0.0388913372383457,
                0.05991308207383561,
                0.08150582374458715,
                0.15126496836329162,
                0.016443247674208017,
                0.005800705308803611,
                0.03891404929554687,
                0.016427500128127104,
                2.584515690973177e-05,
                0.008526899066480631
            ],
            "acc": [
                1.0,
                1.0,
                0.675000011920929,
                0.675000011920929,
                0.925000011920929,
                0.800000011920929,
                0.675000011920929,
                0.8500000238418579,
                0.625,
                0.5249999761581421
            ],
            "KL_mean": 0.041771345805013606,
            "acc_mean": 0.7750000059604645
        }
    },
    "1": {
        "parameters": {
            "n_option": 10,
            "n_clients": 2,
            "n_features": 10,
            "n_observations": 100,
            "cov_max": 10
        },
        "results": {
            "KL": [
                0.10655754027130326,
                0.3201496928062735,
                0.8315351453819804,
                0.09174433171684004,
                0.007195509906184672,
                0.012510053921831243,
                0.21241715694751795,
                0.015263460934775264,
                0.14618300336823076,
                0.3202226723567252
            ],
            "acc": [
                1.0,
                0.8999999761581421,
                0.675000011920929,
                0.875,
                0.625,
                1.0,
                0.824999988079071,
                0.875,
                0.675000011920929,
                1.0
            ],
            "KL_mean": 0.2063778567611662,
            "acc_mean": 0.8449999988079071
        }
    }
}