{
    "0": {
        "parameters": {
            "n_clients": 2,
            "n_features": 15,
            "n_observations": 200,
            "mean_dist": 1.1,
            "epsilon_sigma": 10
        },
        "results": {
            "acc_min": 0.6299999952316284,
            "acc_max": 0.6299999952316284,
            "KL_mean": 0.004053652235287152,
            "KL_y_mean": 0.004053652235287152,
            "acc_mean": 0.6299999952316284
        }
    },
    "1": {
        "parameters": {
            "n_clients": 5,
            "n_features": 15,
            "n_observations": 200,
            "mean_dist": 1.1,
            "epsilon_sigma": 10
        },
        "results": {
            "acc_min": 0.75,
            "acc_max": 0.75,
            "KL_mean": 0.006867499991045453,
            "KL_y_mean": 0.006867499991045453,
            "acc_mean": 0.75
        }
    }
}