{
    "0": {
        "parameters": {
            "n_clients": 2,
            "n_features": 15,
            "n_observations": 200,
            "mean_dist": 1.1,
            "epsilon_sigma": 10
        },
        "results": {
            "acc_min": 0.6499999761581421,
            "acc_max": 0.7900000214576721,
            "KL_mean": 5.828317825310104,
            "KL_y_mean": 0.0261388756419907,
            "acc_mean": 0.7199999988079071
        }
    },
    "1": {
        "parameters": {
            "n_clients": 5,
            "n_features": 15,
            "n_observations": 200,
            "mean_dist": 1.1,
            "epsilon_sigma": 10
        },
        "results": {
            "acc_min": 0.6700000166893005,
            "acc_max": 0.75,
            "KL_mean": 6.01227854211569,
            "KL_y_mean": 0.028210761951248074,
            "acc_mean": 0.7100000083446503
        }
    }
}