{"0": {"parameters": {"n_clients": 2, "n_features": 15, "n_observations": 200, "mean_dist": 1.1, "epsilon_sigma": 10}, "results": {"acc_min": 0.550000011920929, "acc_max": 0.6600000262260437, "KL_mean": 5.643813409612189, "KL_y_mean": 0.026531768696410565, "acc_mean": 0.6050000190734863}}, "1": {"parameters": {"n_clients": 5, "n_features": 15, "n_observations": 200, "mean_dist": 1.1, "epsilon_sigma": 10}, "results": {"acc_min": 0.7400000095367432, "acc_max": 0.7799999713897705, "KL_mean": 5.755718706762826, "KL_y_mean": 0.008745087204621329, "acc_mean": 0.7599999904632568}}}