{
    "0": {
        "parameters": {
            "n_option": 10,
            "n_clients": 2,
            "n_features": 10,
            "n_observations": 100,
            "cov_max": 1
        },
        "results": {
            "KL": [
                0.04818938924069549,
                0.10952794840382252,
                0.059361279858742844,
                0.028750695777960633,
                0.10676241285364485,
                0.05034229453307004,
                0.03599261876429871,
                0.08099782741334804,
                0.027265665025392405,
                0.006805986866066593
            ],
            "acc": [
                0.824999988079071,
                0.8999999761581421,
                0.925000011920929,
                0.8500000238418579,
                1.0,
                0.6000000238418579,
                1.0,
                1.0,
                0.574999988079071,
                0.8999999761581421
            ]
        }
    },
    "1": {
        "parameters": {
            "n_option": 10,
            "n_clients": 2,
            "n_features": 10,
            "n_observations": 100,
            "cov_max": 10
        },
        "results": {
            "KL": [
                0.21489082167203533,
                0.23610063546027815,
                0.02179523389197202,
                0.00309147928794129,
                0.3558690838223417,
                1.257534381276721,
                0.7907592841920175,
                0.28759195187826725,
                0.6612804574543638,
                0.22547451786736383
            ],
            "acc": [
                0.7749999761581421,
                0.6000000238418579,
                0.699999988079071,
                0.800000011920929,
                0.8999999761581421,
                0.7250000238418579,
                0.7749999761581421,
                0.925000011920929,
                0.699999988079071,
                0.8999999761581421
            ]
        }
    }
}