{"0": {"parameters": {"n_clients": 10, "n_features": 15, "n_observations": 200, "mean_dist": 0.1}, "results": {"KL_mean": 0.010081683368557451, "acc_mean": 0.6000000238418579}}, "1": {"parameters": {"n_clients": 10, "n_features": 15, "n_observations": 200, "mean_dist": 0.6}, "results": {"KL_mean": 0.3629406012680696, "acc_mean": 0.5400000214576721}}, "2": {"parameters": {"n_clients": 10, "n_features": 15, "n_observations": 200, "mean_dist": 1.1}, "results": {"KL_mean": 1.2198836875954566, "acc_mean": 0.5350000262260437}}, "3": {"parameters": {"n_clients": 10, "n_features": 15, "n_observations": 200, "mean_dist": 1.6}, "results": {"KL_mean": 2.5809109423507186, "acc_mean": 0.6850000023841858}}, "4": {"parameters": {"n_clients": 10, "n_features": 15, "n_observations": 200, "mean_dist": 2.1}, "results": {"KL_mean": 4.446022365533854, "acc_mean": 0.5600000023841858}}, "5": {"parameters": {"n_clients": 10, "n_features": 15, "n_observations": 200, "mean_dist": 2.6}, "results": {"KL_mean": 6.815217957144864, "acc_mean": 0.6449999809265137}}}